NotepadID,Page,Timestamp,X,Y,TiltX,TiltY,Twist,Force,DotType
311,22,1623912497053,4.98,47.93,89,61,46,318,PEN_DOWN
311,22,1623912497088,5,47.92,89,62,46,487,PEN_MOVE
311,22,1623912497145,5.03,47.9,92,56,47,582,PEN_MOVE
311,22,1623912497180,5.06,47.85,89,39,47,617,PEN_MOVE
311,22,1623912497192,5.09,47.81,91,56,47,627,PEN_MOVE
311,22,1623912497204,5.11,47.78,92,54,47,634,PEN_MOVE
311,22,1623912497215,5.13,47.75,92,56,47,637,PEN_MOVE
311,22,1623912497237,5.16,47.7,91,59,47,643,PEN_MOVE
311,22,1623912497261,5.2,47.65,93,53,47,654,PEN_MOVE
311,22,1623912497273,5.22,47.62,93,54,47,658,PEN_MOVE
311,22,1623912497284,5.26,47.57,95,55,47,665,PEN_MOVE
311,22,1623912497295,5.32,47.49,95,53,47,666,PEN_MOVE
311,22,1623912497305,5.36,47.44,96,54,48,667,PEN_MOVE
311,22,1623912497317,5.42,47.37,97,53,48,673,PEN_MOVE
311,22,1623912497330,5.47,47.31,97,39,48,677,PEN_MOVE
311,22,1623912497341,5.49,47.28,97,39,48,680,PEN_MOVE
311,22,1623912497354,5.51,47.25,97,53,48,682,PEN_MOVE
311,22,1623912497364,5.54,47.23,100,54,48,684,PEN_MOVE
311,22,1623912497376,5.59,47.13,98,57,48,684,PEN_MOVE
311,22,1623912497388,5.66,47.03,98,57,48,686,PEN_MOVE
311,22,1623912497399,5.73,46.91,98,58,48,694,PEN_MOVE
311,22,1623912497410,5.83,46.71,95,61,47,692,PEN_MOVE
311,22,1623912497423,5.9,46.61,96,62,47,691,PEN_MOVE
311,22,1623912497434,5.93,46.55,94,60,47,688,PEN_MOVE
311,22,1623912497445,5.95,46.5,93,62,47,688,PEN_MOVE
311,22,1623912497457,5.97,46.46,92,61,47,691,PEN_MOVE
311,22,1623912497468,5.99,46.43,93,61,47,694,PEN_MOVE
311,22,1623912497481,6,46.41,93,61,47,696,PEN_MOVE
311,22,1623912497504,6.02,46.37,92,62,47,693,PEN_MOVE
311,22,1623912497528,6.03,46.34,93,57,47,696,PEN_MOVE
311,22,1623912497537,6.04,46.31,93,58,47,699,PEN_MOVE
311,22,1623912497549,6.05,46.28,92,61,47,699,PEN_MOVE
311,22,1623912497561,6.05,46.24,92,58,47,698,PEN_MOVE
311,22,1623912497585,6.07,46.17,91,58,47,695,PEN_MOVE
311,22,1623912497608,6.1,46,91,59,47,701,PEN_MOVE
311,22,1623912497619,6.14,45.86,91,60,48,700,PEN_MOVE
311,22,1623912497629,6.17,45.76,90,60,48,697,PEN_MOVE
311,22,1623912497641,6.19,45.7,91,59,48,695,PEN_MOVE
311,22,1623912497653,6.21,45.63,90,61,48,695,PEN_MOVE
311,22,1623912497665,6.23,45.58,91,60,48,698,PEN_MOVE
311,22,1623912497689,6.24,45.54,91,61,48,698,PEN_MOVE
311,22,1623912497700,6.25,45.51,90,60,48,696,PEN_MOVE
311,22,1623912497711,6.25,45.48,90,58,48,694,PEN_MOVE
311,22,1623912497721,6.26,45.44,91,61,48,694,PEN_MOVE
311,22,1623912497734,6.26,45.35,91,62,48,697,PEN_MOVE
311,22,1623912497745,6.27,45.22,91,58,48,697,PEN_MOVE
311,22,1623912497757,6.29,45.08,90,59,48,696,PEN_MOVE
311,22,1623912497768,6.3,44.96,91,60,48,694,PEN_MOVE
311,22,1623912497781,6.31,44.91,92,60,48,692,PEN_MOVE
311,22,1623912497803,6.32,44.88,92,61,48,696,PEN_MOVE
311,22,1623912497896,6.34,44.94,90,61,47,700,PEN_MOVE
311,22,1623912497908,6.35,45.03,90,60,47,697,PEN_MOVE
311,22,1623912497920,6.36,45.17,89,61,47,697,PEN_MOVE
311,22,1623912497931,6.38,45.27,90,62,47,699,PEN_MOVE
311,22,1623912497942,6.4,45.4,90,61,47,701,PEN_MOVE
311,22,1623912497953,6.45,45.66,91,62,47,701,PEN_MOVE
311,22,1623912497965,6.51,45.86,90,63,47,701,PEN_MOVE
311,22,1623912497976,6.55,46,91,64,47,698,PEN_MOVE
311,22,1623912497987,6.58,46.09,91,62,47,699,PEN_MOVE
311,22,1623912497999,6.63,46.29,93,64,47,709,PEN_MOVE
311,22,1623912498011,6.69,46.43,93,64,47,713,PEN_MOVE
311,22,1623912498023,6.73,46.57,93,61,47,712,PEN_MOVE
311,22,1623912498034,6.78,46.76,94,62,47,709,PEN_MOVE
311,22,1623912498045,6.83,46.92,94,63,47,708,PEN_MOVE
311,22,1623912498057,6.87,47.04,96,61,47,707,PEN_MOVE
311,22,1623912498068,6.92,47.15,96,64,47,710,PEN_MOVE
311,22,1623912498081,6.98,47.3,96,61,47,711,PEN_MOVE
311,22,1623912498093,7.02,47.4,96,63,47,711,PEN_MOVE
311,22,1623912498105,7.04,47.43,96,63,47,709,PEN_MOVE
311,22,1623912498127,7.07,47.46,96,64,47,708,PEN_MOVE
311,22,1623912498208,7.1,47.48,96,65,47,711,PEN_MOVE
311,22,1623912498219,7.12,47.52,97,63,47,711,PEN_MOVE
311,22,1623912498230,7.17,47.58,96,64,47,710,PEN_MOVE
311,22,1623912498242,7.21,47.64,96,62,47,707,PEN_MOVE
311,22,1623912498253,7.25,47.69,97,63,47,706,PEN_MOVE
311,22,1623912498266,7.27,47.72,96,63,47,708,PEN_MOVE
311,22,1623912498277,7.3,47.76,96,63,47,710,PEN_MOVE
311,22,1623912498289,7.32,47.81,96,65,47,711,PEN_MOVE
311,22,1623912498300,7.35,47.86,98,65,47,709,PEN_MOVE
311,22,1623912498312,7.38,47.9,98,63,47,706,PEN_MOVE
311,22,1623912498335,7.41,47.93,98,65,47,708,PEN_MOVE
311,22,1623912498428,7.44,47.95,97,65,47,708,PEN_MOVE
311,22,1623912498497,7.45,47.88,96,65,47,707,PEN_MOVE
311,22,1623912498509,7.47,47.69,97,64,47,704,PEN_MOVE
311,22,1623912498521,7.52,47.38,95,62,47,702,PEN_MOVE
311,22,1623912498532,7.57,47.16,94,62,48,703,PEN_MOVE
311,22,1623912498544,7.61,46.99,94,61,48,707,PEN_MOVE
311,22,1623912498555,7.64,46.81,94,64,48,708,PEN_MOVE
311,22,1623912498565,7.66,46.69,94,63,48,707,PEN_MOVE
311,22,1623912498577,7.68,46.56,93,63,48,706,PEN_MOVE
311,22,1623912498588,7.7,46.39,96,61,48,705,PEN_MOVE
311,22,1623912498601,7.73,46.22,97,61,48,706,PEN_MOVE
311,22,1623912498612,7.76,46.06,97,62,48,710,PEN_MOVE
311,22,1623912498624,7.79,45.92,96,62,48,712,PEN_MOVE
311,22,1623912498636,7.82,45.81,97,61,48,712,PEN_MOVE
311,22,1623912498647,7.84,45.73,97,58,48,711,PEN_MOVE
311,22,1623912498658,7.86,45.68,95,61,48,712,PEN_MOVE
311,22,1623912498669,7.88,45.63,95,61,48,714,PEN_MOVE
311,22,1623912498682,7.91,45.5,96,57,48,718,PEN_MOVE
311,22,1623912498694,7.95,45.33,94,62,48,718,PEN_MOVE
311,22,1623912498704,7.98,45.27,94,59,48,719,PEN_MOVE
311,22,1623912498716,8.01,45.23,93,60,48,719,PEN_MOVE
311,22,1623912498727,8.02,45.2,94,60,48,718,PEN_MOVE
311,22,1623912498750,8.03,45.17,93,59,48,723,PEN_MOVE
311,22,1623912498833,8.04,45.14,93,61,48,721,PEN_MOVE
311,22,1623912498866,8.04,45.05,93,60,48,699,PEN_MOVE
311,22,1623912498878,8.05,44.7,93,61,48,677,PEN_MOVE
311,22,1623912498889,8.06,44.58,93,62,48,655,PEN_MOVE
311,22,1623912498901,8.06,44.55,93,61,48,616,PEN_MOVE
311,22,1623912498925,8.05,44.52,92,59,48,178,PEN_MOVE
311,22,1623912498925,8.05,44.52,92,59,48,178,PEN_UP
311,22,1623912499586,9.6,45.63,93,63,49,465,PEN_DOWN
311,22,1623912499598,9.61,45.6,93,66,49,577,PEN_MOVE
311,22,1623912499610,9.61,45.57,91,65,49,617,PEN_MOVE
311,22,1623912499644,9.6,45.53,92,66,49,665,PEN_MOVE
311,22,1623912499680,9.56,45.53,93,65,49,690,PEN_MOVE
311,22,1623912499691,9.5,45.53,94,65,49,693,PEN_MOVE
311,22,1623912499703,9.43,45.56,93,66,49,691,PEN_MOVE
311,22,1623912499714,9.29,45.67,94,66,49,695,PEN_MOVE
311,22,1623912499725,9.14,45.93,94,66,49,696,PEN_MOVE
311,22,1623912499737,8.99,46.23,95,67,49,697,PEN_MOVE
311,22,1623912499748,8.83,46.58,98,66,48,695,PEN_MOVE
311,22,1623912499761,8.71,46.94,101,65,48,696,PEN_MOVE
311,22,1623912499772,8.61,47.23,100,67,48,696,PEN_MOVE
311,22,1623912499784,8.55,47.44,100,66,48,696,PEN_MOVE
311,22,1623912499796,8.51,47.67,100,67,48,698,PEN_MOVE
311,22,1623912499806,8.5,47.89,99,64,48,698,PEN_MOVE
311,22,1623912499817,8.51,48.09,99,65,48,696,PEN_MOVE
311,22,1623912499829,8.52,48.17,98,65,48,690,PEN_MOVE
311,22,1623912499841,8.58,48.25,99,64,48,685,PEN_MOVE
311,22,1623912499853,8.7,48.34,98,64,48,682,PEN_MOVE
311,22,1623912499864,8.91,48.37,98,65,48,677,PEN_MOVE
311,22,1623912499877,9.15,48.37,97,64,48,675,PEN_MOVE
311,22,1623912499887,9.34,48.31,96,65,48,669,PEN_MOVE
311,22,1623912499898,9.57,48.15,96,65,48,657,PEN_MOVE
311,22,1623912499909,9.78,47.95,99,64,48,649,PEN_MOVE
311,22,1623912499922,9.96,47.7,98,65,48,651,PEN_MOVE
311,22,1623912499933,10.14,47.39,95,65,48,648,PEN_MOVE
311,22,1623912499945,10.29,47.11,92,66,48,641,PEN_MOVE
311,22,1623912499956,10.37,46.95,93,67,48,641,PEN_MOVE
311,22,1623912499968,10.44,46.75,92,66,48,641,PEN_MOVE
311,22,1623912499980,10.51,46.58,92,65,48,641,PEN_MOVE
311,22,1623912499992,10.57,46.44,92,67,48,645,PEN_MOVE
311,22,1623912500003,10.62,46.27,89,68,48,649,PEN_MOVE
311,22,1623912500015,10.65,46.13,90,65,48,649,PEN_MOVE
311,22,1623912500027,10.67,46.06,90,65,48,653,PEN_MOVE
311,22,1623912500039,10.68,46,91,66,48,662,PEN_MOVE
311,22,1623912500050,10.68,45.95,90,65,48,668,PEN_MOVE
311,22,1623912500061,10.68,45.88,90,66,48,671,PEN_MOVE
311,22,1623912500072,10.65,45.75,90,66,48,673,PEN_MOVE
311,22,1623912500084,10.62,45.65,89,65,48,671,PEN_MOVE
311,22,1623912500095,10.58,45.59,89,65,48,672,PEN_MOVE
311,22,1623912500107,10.53,45.51,88,66,48,672,PEN_MOVE
311,22,1623912500118,10.47,45.43,90,67,48,674,PEN_MOVE
311,22,1623912500130,10.41,45.34,88,67,48,679,PEN_MOVE
311,22,1623912500141,10.36,45.28,88,67,48,686,PEN_MOVE
311,22,1623912500152,10.32,45.25,88,67,48,686,PEN_MOVE
311,22,1623912500165,10.24,45.22,88,65,49,685,PEN_MOVE
311,22,1623912500176,10.15,45.2,88,65,49,683,PEN_MOVE
311,22,1623912500188,10.03,45.19,89,66,49,680,PEN_MOVE
311,22,1623912500200,9.94,45.18,88,65,49,679,PEN_MOVE
311,22,1623912500211,9.82,45.18,89,68,49,671,PEN_MOVE
311,22,1623912500221,9.67,45.2,90,66,49,656,PEN_MOVE
311,22,1623912500233,9.56,45.22,89,68,49,628,PEN_MOVE
311,22,1623912500245,9.44,45.29,91,66,49,587,PEN_MOVE
311,22,1623912500257,9.35,45.37,92,66,49,478,PEN_MOVE
311,22,1623912500269,9.29,45.44,91,65,49,149,PEN_MOVE
311,22,1623912500269,9.29,45.44,91,65,49,149,PEN_UP
311,22,1623912501129,11.76,46.97,99,64,49,454,PEN_DOWN
311,22,1623912501153,11.8,46.98,98,65,49,590,PEN_MOVE
311,22,1623912501164,11.84,46.98,99,65,49,617,PEN_MOVE
311,22,1623912501175,11.94,46.98,98,65,49,635,PEN_MOVE
311,22,1623912501187,12.12,46.96,98,62,49,643,PEN_MOVE
311,22,1623912501199,12.35,46.92,99,61,49,650,PEN_MOVE
311,22,1623912501211,12.58,46.83,101,59,49,649,PEN_MOVE
311,22,1623912501222,12.79,46.68,100,62,49,654,PEN_MOVE
311,22,1623912501232,13,46.54,99,63,49,660,PEN_MOVE
311,22,1623912501244,13.19,46.39,98,66,49,661,PEN_MOVE
311,22,1623912501255,13.34,46.22,97,66,49,663,PEN_MOVE
311,22,1623912501267,13.45,46.1,95,64,49,664,PEN_MOVE
311,22,1623912501279,13.53,46.01,96,64,49,669,PEN_MOVE
311,22,1623912501291,13.58,45.94,97,66,49,670,PEN_MOVE
311,22,1623912501302,13.62,45.83,94,65,49,673,PEN_MOVE
311,22,1623912501312,13.65,45.73,95,64,49,673,PEN_MOVE
311,22,1623912501325,13.67,45.62,93,65,49,673,PEN_MOVE
311,22,1623912501336,13.68,45.5,92,63,49,668,PEN_MOVE
311,22,1623912501348,13.67,45.42,92,65,49,667,PEN_MOVE
311,22,1623912501360,13.66,45.38,93,66,49,670,PEN_MOVE
311,22,1623912501372,13.63,45.32,89,63,49,672,PEN_MOVE
311,22,1623912501384,13.58,45.28,90,65,49,672,PEN_MOVE
311,22,1623912501394,13.52,45.26,91,65,49,670,PEN_MOVE
311,22,1623912501405,13.45,45.26,91,63,49,670,PEN_MOVE
311,22,1623912501417,13.38,45.26,93,63,49,670,PEN_MOVE
311,22,1623912501429,13.31,45.27,93,64,49,670,PEN_MOVE
311,22,1623912501441,13.23,45.29,93,66,49,673,PEN_MOVE
311,22,1623912501453,13.14,45.34,96,65,49,678,PEN_MOVE
311,22,1623912501465,13.08,45.4,96,63,49,678,PEN_MOVE
311,22,1623912501476,13.04,45.46,95,66,49,679,PEN_MOVE
311,22,1623912501486,12.99,45.53,95,66,49,683,PEN_MOVE
311,22,1623912501497,12.94,45.61,95,64,49,688,PEN_MOVE
311,22,1623912501510,12.87,45.73,96,65,49,691,PEN_MOVE
311,22,1623912501521,12.8,45.87,94,63,49,693,PEN_MOVE
311,22,1623912501533,12.74,46.02,96,63,49,691,PEN_MOVE
311,22,1623912501544,12.69,46.21,96,63,49,690,PEN_MOVE
311,22,1623912501556,12.64,46.42,97,66,49,691,PEN_MOVE
311,22,1623912501567,12.59,46.57,95,64,49,694,PEN_MOVE
311,22,1623912501579,12.55,46.77,96,65,49,694,PEN_MOVE
311,22,1623912501591,12.51,46.95,96,64,49,696,PEN_MOVE
311,22,1623912501603,12.49,47.07,95,65,49,693,PEN_MOVE
311,22,1623912501614,12.48,47.22,94,66,49,691,PEN_MOVE
311,22,1623912501625,12.48,47.39,97,66,49,692,PEN_MOVE
311,22,1623912501637,12.51,47.57,98,67,49,695,PEN_MOVE
311,22,1623912501648,12.56,47.67,98,65,49,696,PEN_MOVE
311,22,1623912501659,12.64,47.74,97,67,49,694,PEN_MOVE
311,22,1623912501671,12.72,47.79,98,68,49,691,PEN_MOVE
311,22,1623912501683,12.84,47.83,98,66,49,689,PEN_MOVE
311,22,1623912501695,13.05,47.86,99,67,49,687,PEN_MOVE
311,22,1623912501707,13.28,47.85,98,65,49,677,PEN_MOVE
311,22,1623912501719,13.59,47.82,101,63,49,660,PEN_MOVE
311,22,1623912501730,13.94,47.71,97,66,49,623,PEN_MOVE
311,22,1623912501740,14.25,47.56,96,67,49,542,PEN_MOVE
311,22,1623912501753,14.59,47.42,94,66,49,249,PEN_MOVE
311,22,1623912501753,14.59,47.42,94,66,49,249,PEN_UP
311,22,1623912502554,16.58,45.77,92,63,49,441,PEN_DOWN
311,22,1623912502585,16.61,45.74,93,63,49,629,PEN_MOVE
311,22,1623912502644,16.64,45.74,92,65,49,700,PEN_MOVE
311,22,1623912502667,16.64,45.78,92,66,49,704,PEN_MOVE
311,22,1623912502677,16.65,45.87,91,67,49,703,PEN_MOVE
311,22,1623912502690,16.65,46.1,93,65,49,706,PEN_MOVE
311,22,1623912502701,16.65,46.41,95,63,49,707,PEN_MOVE
311,22,1623912502714,16.64,46.76,97,64,49,707,PEN_MOVE
311,22,1623912502725,16.62,47.12,100,66,49,705,PEN_MOVE
311,22,1623912502736,16.59,47.42,100,65,49,702,PEN_MOVE
311,22,1623912502747,16.56,47.65,100,66,48,701,PEN_MOVE
311,22,1623912502759,16.53,47.79,100,68,49,703,PEN_MOVE
311,22,1623912502770,16.52,47.88,100,66,48,705,PEN_MOVE
311,22,1623912502782,16.5,47.91,100,67,48,704,PEN_MOVE
311,22,1623912502852,16.49,47.86,100,68,48,697,PEN_MOVE
311,22,1623912502863,16.5,47.71,100,68,48,695,PEN_MOVE
311,22,1623912502876,16.5,47.5,101,68,48,691,PEN_MOVE
311,22,1623912502887,16.53,47.26,101,66,49,687,PEN_MOVE
311,22,1623912502899,16.58,47,100,65,49,693,PEN_MOVE
311,22,1623912502909,16.66,46.81,100,64,49,694,PEN_MOVE
311,22,1623912502920,16.78,46.6,97,65,49,694,PEN_MOVE
311,22,1623912502933,16.91,46.4,94,65,49,691,PEN_MOVE
311,22,1623912502944,17.02,46.29,94,65,49,689,PEN_MOVE
311,22,1623912502956,17.12,46.19,93,66,49,689,PEN_MOVE
311,22,1623912502968,17.27,46.11,94,67,49,693,PEN_MOVE
311,22,1623912502979,17.42,46.04,93,66,49,695,PEN_MOVE
311,22,1623912502989,17.59,46,95,67,49,695,PEN_MOVE
311,22,1623912503001,17.74,45.96,94,67,49,696,PEN_MOVE
311,22,1623912503013,17.86,45.93,93,70,49,694,PEN_MOVE
311,22,1623912503025,17.98,45.9,91,69,50,695,PEN_MOVE
311,22,1623912503036,18.07,45.9,92,68,50,700,PEN_MOVE
311,22,1623912503049,18.22,45.89,90,69,50,704,PEN_MOVE
311,22,1623912503061,18.32,45.89,90,68,50,703,PEN_MOVE
311,22,1623912503071,18.39,45.89,90,69,50,700,PEN_MOVE
311,22,1623912503082,18.44,45.91,91,69,50,698,PEN_MOVE
311,22,1623912503094,18.47,45.92,91,69,50,704,PEN_MOVE
311,22,1623912503104,18.49,45.95,91,69,50,709,PEN_MOVE
311,22,1623912503116,18.51,46,91,71,50,713,PEN_MOVE
311,22,1623912503129,18.54,46.11,92,70,50,715,PEN_MOVE
311,22,1623912503141,18.57,46.23,92,68,50,715,PEN_MOVE
311,22,1623912503152,18.6,46.42,94,68,50,715,PEN_MOVE
311,22,1623912503164,18.61,46.6,96,68,50,719,PEN_MOVE
311,22,1623912503175,18.61,46.77,96,68,50,721,PEN_MOVE
311,22,1623912503187,18.59,47,97,67,50,721,PEN_MOVE
311,22,1623912503199,18.57,47.19,97,70,50,719,PEN_MOVE
311,22,1623912503210,18.55,47.27,97,70,50,716,PEN_MOVE
311,22,1623912503221,18.53,47.31,97,72,50,715,PEN_MOVE
311,22,1623912503256,18.51,47.34,98,69,50,709,PEN_MOVE
311,22,1623912503292,18.51,47.31,97,70,49,687,PEN_MOVE
311,22,1623912503304,18.51,47.26,97,69,50,689,PEN_MOVE
311,22,1623912503316,18.51,47.1,96,67,50,690,PEN_MOVE
311,22,1623912503326,18.54,46.83,96,69,50,689,PEN_MOVE
311,22,1623912503336,18.6,46.58,95,68,50,684,PEN_MOVE
311,22,1623912503349,18.67,46.45,94,69,50,680,PEN_MOVE
311,22,1623912503360,18.72,46.4,95,69,50,680,PEN_MOVE
311,22,1623912503372,18.77,46.33,93,69,50,684,PEN_MOVE
311,22,1623912503384,18.89,46.15,92,69,50,687,PEN_MOVE
311,22,1623912503395,19.03,46.01,93,66,50,685,PEN_MOVE
311,22,1623912503405,19.18,45.93,93,68,50,684,PEN_MOVE
311,22,1623912503417,19.29,45.86,93,67,50,681,PEN_MOVE
311,22,1623912503429,19.38,45.84,94,67,50,683,PEN_MOVE
311,22,1623912503441,19.5,45.82,96,65,51,687,PEN_MOVE
311,22,1623912503453,19.61,45.8,94,67,51,689,PEN_MOVE
311,22,1623912503465,19.65,45.8,94,66,51,688,PEN_MOVE
311,22,1623912503477,19.69,45.8,93,67,51,686,PEN_MOVE
311,22,1623912503487,19.74,45.81,91,67,51,694,PEN_MOVE
311,22,1623912503497,19.89,45.83,91,69,51,698,PEN_MOVE
311,22,1623912503509,19.98,45.86,91,69,51,702,PEN_MOVE
311,22,1623912503522,20.02,45.88,90,69,51,702,PEN_MOVE
311,22,1623912503533,20.04,45.91,90,69,51,702,PEN_MOVE
311,22,1623912503545,20.06,45.96,93,69,51,702,PEN_MOVE
311,22,1623912503557,20.08,46.01,92,69,51,710,PEN_MOVE
311,22,1623912503569,20.09,46.06,92,70,51,717,PEN_MOVE
311,22,1623912503580,20.11,46.14,92,70,51,727,PEN_MOVE
311,22,1623912503591,20.13,46.21,92,70,51,729,PEN_MOVE
311,22,1623912503602,20.15,46.31,94,71,51,733,PEN_MOVE
311,22,1623912503614,20.17,46.46,94,70,51,733,PEN_MOVE
311,22,1623912503626,20.19,46.58,95,71,51,735,PEN_MOVE
311,22,1623912503637,20.22,46.74,98,71,51,738,PEN_MOVE
311,22,1623912503649,20.25,46.97,95,71,51,745,PEN_MOVE
311,22,1623912503660,20.27,47.15,95,72,51,747,PEN_MOVE
311,22,1623912503671,20.29,47.31,95,74,51,744,PEN_MOVE
311,22,1623912503683,20.3,47.46,96,74,51,740,PEN_MOVE
311,22,1623912503695,20.31,47.62,98,74,51,739,PEN_MOVE
311,22,1623912503707,20.3,47.77,99,75,50,740,PEN_MOVE
311,22,1623912503719,20.3,47.83,99,74,50,721,PEN_MOVE
311,22,1623912503730,20.3,47.86,99,73,51,694,PEN_MOVE
311,22,1623912503764,20.29,47.88,99,72,51,218,PEN_MOVE
311,22,1623912503764,20.29,47.88,99,72,51,218,PEN_UP
311,22,1623912504317,22.38,48.13,104,71,50,588,PEN_DOWN
311,22,1623912504349,22.35,48.14,102,74,50,687,PEN_MOVE
311,22,1623912504385,22.36,48.1,104,74,50,720,PEN_MOVE
311,22,1623912504397,22.36,48.07,104,74,50,737,PEN_MOVE
311,22,1623912504409,22.36,48.04,104,75,50,749,PEN_MOVE
311,22,1623912504431,22.37,47.97,104,75,50,749,PEN_MOVE
311,22,1623912504442,22.37,47.85,101,76,50,746,PEN_MOVE
311,22,1623912504453,22.38,47.64,103,73,51,744,PEN_MOVE
311,22,1623912504467,22.39,47.53,102,73,51,745,PEN_MOVE
311,22,1623912504478,22.39,47.47,103,73,51,745,PEN_MOVE
311,22,1623912504488,22.39,47.4,102,73,51,744,PEN_MOVE
311,22,1623912504499,22.38,47.19,103,69,51,714,PEN_MOVE
311,22,1623912504511,22.37,46.96,104,68,51,664,PEN_MOVE
311,22,1623912504523,22.34,46.74,102,68,51,573,PEN_MOVE
311,22,1623912504535,22.28,46.48,102,66,51,248,PEN_MOVE
311,22,1623912504535,22.28,46.48,102,66,51,248,PEN_UP
311,22,1623912504677,22.42,44.7,104,67,52,686,PEN_DOWN
311,22,1623912504688,22.44,44.67,101,67,52,710,PEN_MOVE
311,22,1623912504712,22.47,44.66,101,67,52,737,PEN_MOVE
311,22,1623912504781,22.47,44.71,101,67,52,739,PEN_MOVE
311,22,1623912504793,22.47,44.8,102,66,52,695,PEN_MOVE
311,22,1623912504805,22.47,45.11,103,67,52,627,PEN_MOVE
311,22,1623912504817,22.47,45.34,103,68,52,471,PEN_MOVE
311,22,1623912504826,22.48,45.47,103,66,52,31,PEN_MOVE
311,22,1623912504826,22.48,45.47,103,66,52,31,PEN_UP
311,22,1623912505400,24.88,44.94,98,65,50,499,PEN_DOWN
311,22,1623912505423,24.9,44.91,98,66,51,624,PEN_MOVE
311,22,1623912505457,24.93,44.91,96,66,51,680,PEN_MOVE
311,22,1623912505492,24.95,45,98,68,51,701,PEN_MOVE
311,22,1623912505503,24.95,45.27,99,67,51,712,PEN_MOVE
311,22,1623912505513,24.96,45.61,98,68,51,719,PEN_MOVE
311,22,1623912505525,24.96,46.04,97,70,50,721,PEN_MOVE
311,22,1623912505536,24.95,46.51,100,73,50,729,PEN_MOVE
311,22,1623912505549,24.94,47,101,72,50,725,PEN_MOVE
311,22,1623912505561,24.93,47.54,102,70,49,719,PEN_MOVE
311,22,1623912505572,24.93,47.88,102,70,49,707,PEN_MOVE
311,22,1623912505583,24.94,48.07,102,70,49,676,PEN_MOVE
311,22,1623912505594,24.95,48.12,102,71,49,642,PEN_MOVE
311,22,1623912505618,24.97,48.1,101,71,49,446,PEN_MOVE
311,22,1623912505629,24.97,47.98,101,69,49,64,PEN_MOVE
311,22,1623912505629,24.97,47.98,101,69,49,64,PEN_UP
311,22,1623912505910,24.76,45,99,66,51,582,PEN_DOWN
311,22,1623912505921,24.78,44.98,99,66,51,615,PEN_MOVE
311,22,1623912505933,24.83,44.95,99,67,51,626,PEN_MOVE
311,22,1623912505944,24.91,44.92,99,65,51,634,PEN_MOVE
311,22,1623912505956,25.03,44.89,99,65,51,647,PEN_MOVE
311,22,1623912505968,25.22,44.85,100,66,51,662,PEN_MOVE
311,22,1623912505979,25.43,44.81,98,67,51,673,PEN_MOVE
311,22,1623912505991,25.59,44.78,99,65,51,684,PEN_MOVE
311,22,1623912506001,25.71,44.77,99,65,51,690,PEN_MOVE
311,22,1623912506013,25.79,44.77,98,65,51,699,PEN_MOVE
311,22,1623912506024,25.83,44.77,97,68,51,703,PEN_MOVE
311,22,1623912506049,25.87,44.78,97,65,51,709,PEN_MOVE
311,22,1623912506072,25.88,44.81,97,66,51,713,PEN_MOVE
311,22,1623912506084,25.89,44.86,97,66,51,715,PEN_MOVE
311,22,1623912506094,25.88,45.02,96,66,51,716,PEN_MOVE
311,22,1623912506104,25.86,45.23,97,66,51,713,PEN_MOVE
311,22,1623912506117,25.77,45.45,96,67,50,710,PEN_MOVE
311,22,1623912506129,25.59,45.68,97,66,50,708,PEN_MOVE
311,22,1623912506141,25.41,45.84,99,68,50,706,PEN_MOVE
311,22,1623912506153,25.22,45.95,95,70,50,703,PEN_MOVE
311,22,1623912506165,25.03,46.04,96,72,50,703,PEN_MOVE
311,22,1623912506176,24.97,46.08,95,73,50,705,PEN_MOVE
311,22,1623912506188,24.94,46.1,97,72,50,713,PEN_MOVE
311,22,1623912506268,24.99,46.08,97,71,51,712,PEN_MOVE
311,22,1623912506279,25.06,46.05,98,71,51,714,PEN_MOVE
311,22,1623912506291,25.18,46.01,98,68,51,717,PEN_MOVE
311,22,1623912506304,25.29,45.97,98,68,51,718,PEN_MOVE
311,22,1623912506315,25.39,45.95,99,65,51,715,PEN_MOVE
311,22,1623912506326,25.56,45.92,99,66,51,714,PEN_MOVE
311,22,1623912506337,25.72,45.89,99,67,51,713,PEN_MOVE
311,22,1623912506348,25.82,45.88,99,71,51,715,PEN_MOVE
311,22,1623912506360,25.96,45.86,97,71,51,717,PEN_MOVE
311,22,1623912506372,26.09,45.85,96,72,51,718,PEN_MOVE
311,22,1623912506384,26.22,45.86,97,72,51,716,PEN_MOVE
311,22,1623912506396,26.35,45.87,96,75,51,713,PEN_MOVE
311,22,1623912506408,26.44,45.88,96,75,51,713,PEN_MOVE
311,22,1623912506419,26.52,45.91,98,75,51,716,PEN_MOVE
311,22,1623912506429,26.6,45.96,97,75,51,718,PEN_MOVE
311,22,1623912506441,26.65,46,97,74,51,717,PEN_MOVE
311,22,1623912506453,26.7,46.02,97,75,51,716,PEN_MOVE
311,22,1623912506464,26.74,46.05,97,75,51,714,PEN_MOVE
311,22,1623912506488,26.78,46.08,96,76,52,721,PEN_MOVE
311,22,1623912506509,26.89,46.15,94,73,52,728,PEN_MOVE
311,22,1623912506521,26.99,46.24,95,76,52,725,PEN_MOVE
311,22,1623912506533,27.07,46.33,97,76,52,723,PEN_MOVE
311,22,1623912506544,27.14,46.41,96,77,52,724,PEN_MOVE
311,22,1623912506557,27.18,46.47,96,77,52,728,PEN_MOVE
311,22,1623912506569,27.2,46.5,96,78,52,730,PEN_MOVE
311,22,1623912506591,27.22,46.53,95,77,51,728,PEN_MOVE
311,22,1623912506625,27.22,46.58,96,78,51,730,PEN_MOVE
311,22,1623912506638,27.22,46.64,95,78,51,735,PEN_MOVE
311,22,1623912506649,27.21,46.71,96,78,51,736,PEN_MOVE
311,22,1623912506661,27.21,46.79,96,79,51,739,PEN_MOVE
311,22,1623912506672,27.19,46.9,96,78,51,742,PEN_MOVE
311,22,1623912506684,27.15,47.01,97,77,51,749,PEN_MOVE
311,22,1623912506696,27.09,47.08,97,79,51,753,PEN_MOVE
311,22,1623912506707,27.02,47.18,98,79,51,754,PEN_MOVE
311,22,1623912506720,26.91,47.36,101,76,51,751,PEN_MOVE
311,22,1623912506731,26.82,47.47,102,77,51,747,PEN_MOVE
311,22,1623912506741,26.73,47.56,102,78,51,745,PEN_MOVE
311,22,1623912506753,26.63,47.65,101,79,51,746,PEN_MOVE
311,22,1623912506764,26.57,47.69,101,79,51,743,PEN_MOVE
311,22,1623912506776,26.51,47.71,102,79,51,739,PEN_MOVE
311,22,1623912506788,26.36,47.76,99,81,51,728,PEN_MOVE
311,22,1623912506800,26.2,47.86,102,78,51,717,PEN_MOVE
311,22,1623912506811,26.05,47.93,101,78,51,719,PEN_MOVE
311,22,1623912506823,25.9,48.02,104,76,51,723,PEN_MOVE
311,22,1623912506834,25.77,48.1,103,77,51,726,PEN_MOVE
311,22,1623912506845,25.59,48.21,103,73,51,715,PEN_MOVE
311,22,1623912506858,25.43,48.29,102,75,51,708,PEN_MOVE
311,22,1623912506868,25.25,48.34,105,76,51,697,PEN_MOVE
311,22,1623912506879,25.08,48.36,102,75,51,690,PEN_MOVE
311,22,1623912506890,24.86,48.39,105,76,50,678,PEN_MOVE
311,22,1623912506903,24.53,48.48,103,78,51,654,PEN_MOVE
311,22,1623912506915,24.27,48.57,106,77,50,618,PEN_MOVE
311,22,1623912506925,24.02,48.67,106,78,50,555,PEN_MOVE
311,22,1623912506937,23.67,48.85,103,78,50,262,PEN_MOVE
311,22,1623912506937,23.67,48.85,103,78,50,262,PEN_UP
